News_and_media__Book Reviews : crawler/media/News_and_media__Book Reviews.jpg
News_and_media__By Industry : crawler/media/News_and_media__By Industry.jpg
News_and_media__Magazines and E-zines : crawler/media/News_and_media__Magazines and E-zines.jpg
News_and_media__Newspapers : crawler/media/News_and_media__Newspapers.jpg
News_and_media__Regional : crawler/media/News_and_media__Regional.jpg
News_and_media__Research Reports : crawler/media/News_and_media__Research Reports.jpg
News_and_media__Working Papers : crawler/media/News_and_media__Working Papers.jpg
Parallel Computing__Beowulf : crawler/media/Parallel Computing__Beowulf.jpg
Parallel Computing__Conferences : crawler/media/Parallel Computing__Conferences.jpg
Parallel Computing__Documentation : crawler/media/Parallel Computing__Documentation.jpg
Parallel Computing__Programming : crawler/media/Parallel Computing__Programming.jpg
Parallel Computing__Projects : https://extension.umd.edu/sites/default/files/_docs/programs/4-H/Volunteer/Projects2.jpg
Parallel Computing__Vendors : crawler/media/Parallel Computing__Vendors.jpg
Opportunities__Brokerages : crawler/media/Opportunities__Brokerages.jpg
Opportunities__Consulting : crawler/media/Opportunities__Consulting.jpg
Opportunities__Directories : crawler/media/Opportunities__Directories.jpg
Opportunities__Distributors : crawler/media/Opportunities__Distributors.jpg
Opportunities__Education and Training : crawler/media/Opportunities__Education and Training.jpg
Opportunities__Franchising : crawler/media/Opportunities__Franchising.jpg
Opportunities__Home Based : crawler/media/Opportunities__Home Based.jpg
Opportunities__Inventions : crawler/media/Opportunities__Inventions.jpg
Opportunities__Mail Order : crawler/media/Opportunities__Mail Order.jpg
Opportunities__Networking-MLM : crawler/media/Opportunities__Networking-MLM.jpg
Opportunities__News and Media : crawler/media/Opportunities__News and Media.jpg
Opportunities__Online Opportunities : crawler/media/Opportunities__Online Opportunities.jpg
Opportunities__Opposing Views : crawler/media/Opportunities__Opposing Views.jpg
Opportunities__Partners Programs : crawler/media/Opportunities__Partners Programs.jpg
Opportunities__Phone Cards - Phone Service Reps : https://resumegenius.com/wp-content/uploads/2015/08/customer-service-call-center-fuctional-resume-sample.jpg
Opportunities__Resources and Networking : crawler/media/Opportunities__Resources and Networking.jpg
Opportunities__Valuation Services : crawler/media/Opportunities__Valuation Services.jpg
Opportunities__Vending : crawler/media/Opportunities__Vending.jpg
Environment__Conferences : crawler/media/Environment__Conferences.jpg
Environment__Engineering : crawler/media/Environment__Engineering.jpg
Environment__Environmental Compliance : crawler/media/Environment__Environmental Compliance.jpg
Environment__Environmental Management Systems - ISO : crawler/media/Environment__Environmental Management Systems - ISO.jpg
Environment__Industrial Health and Safety : crawler/media/Environment__Industrial Health and Safety.jpg
Environment__Noise and Vibration Control : crawler/media/Environment__Noise and Vibration Control.jpg
Environment__Waste Management : crawler/media/Environment__Waste Management.jpg
Speech Technology__Hardware : http://www.consensualdemocracy.org/wp-content/uploads/2017/09/software-hardware-5-638ceo-strickler-on-success-beyond-successful-crowdfunding-1.jpg
Speech Technology__Linux : crawler/media/Speech Technology__Linux.jpg
Speech Technology__Medical Transcription : crawler/media/Speech Technology__Medical Transcription.jpg
Speech Technology__Research : crawler/media/Speech Technology__Research.jpg
Speech Technology__Resellers : crawler/media/Speech Technology__Resellers.jpg
Speech Technology__Speech Synthesis : crawler/media/Speech Technology__Speech Synthesis.jpg
Speech Technology__Telephony : crawler/media/Speech Technology__Telephony.jpg
Speech Technology__Toolkits : crawler/media/Speech Technology__Toolkits.jpg
Speech Technology__Voice Portals : crawler/media/Speech Technology__Voice Portals.jpg
Speech Technology__VoiceXML : crawler/media/Speech Technology__VoiceXML.jpg
Security__Advisories and Patches : crawler/media/Security__Advisories and Patches.jpg
Security__Authentication : crawler/media/Security__Authentication.jpg
Security__Biometrics : crawler/media/Security__Biometrics.jpg
Security__Chats and Forums : crawler/media/Security__Chats and Forums.jpg
Security__Conferences : crawler/media/Security__Conferences.jpg
Security__Consultants : crawler/media/Security__Consultants.jpg
Security__Directories : crawler/media/Security__Directories.jpg
Security__FAQs Help and Tutorials : crawler/media/Security__FAQs Help and Tutorials.jpg
Security__Firewalls : crawler/media/Security__Firewalls.jpg
Security__Honeypots and Honeynets : crawler/media/Security__Honeypots and Honeynets.jpg
Security__Internet : crawler/media/Security__Internet.jpg
Security__Intrusion Detection Systems : crawler/media/Security__Intrusion Detection Systems.jpg
Security__Mailing Lists : crawler/media/Security__Mailing Lists.jpg
Security__Malicious Software : crawler/media/Security__Malicious Software.jpg
Security__News and Media : crawler/media/Security__News and Media.jpg
Security__Organizations : crawler/media/Security__Organizations.jpg
Security__Policy : crawler/media/Security__Policy.jpg
Security__Products and Tools : crawler/media/Security__Products and Tools.jpg
Security__Public Key Infrastructure : crawler/media/Security__Public Key Infrastructure.jpg
Security__Research : crawler/media/Security__Research.jpg
Security__Virtual Private Networks : crawler/media/Security__Virtual Private Networks.jpg
Home Automation__Products and Manufacturers : crawler/media/Home Automation__Products and Manufacturers.jpg
Home Automation__Software : crawler/media/Home Automation__Software.jpg
Home Automation__Vendors : crawler/media/Home Automation__Vendors.jpg
Biotechnology and Pharmaceuticals__Associations : crawler/media/Biotechnology and Pharmaceuticals__Associations.jpg
Biotechnology and Pharmaceuticals__Consulting : crawler/media/Biotechnology and Pharmaceuticals__Consulting.jpg
Biotechnology and Pharmaceuticals__Contract Research Organizations : crawler/media/Biotechnology and Pharmaceuticals__Contract Research Organizations.jpg
Biotechnology and Pharmaceuticals__Directories : crawler/media/Biotechnology and Pharmaceuticals__Directories.jpg
Biotechnology and Pharmaceuticals__Education and Training : crawler/media/Biotechnology and Pharmaceuticals__Education and Training.jpg
Biotechnology and Pharmaceuticals__Employment : crawler/media/Biotechnology and Pharmaceuticals__Employment.jpg
Biotechnology and Pharmaceuticals__Marketing and Advertising : crawler/media/Biotechnology and Pharmaceuticals__Marketing and Advertising.jpg
Biotechnology and Pharmaceuticals__Outsourcing : crawler/media/Biotechnology and Pharmaceuticals__Outsourcing.jpg
Biotechnology and Pharmaceuticals__Pharmaceuticals : crawler/media/Biotechnology and Pharmaceuticals__Pharmaceuticals.jpg
Biotechnology and Pharmaceuticals__Technology Transfer : crawler/media/Biotechnology and Pharmaceuticals__Technology Transfer.jpg
Human-Computer Interaction__Academic : http://www.onlineuniversities.com/wp-content/uploads/2011/08/research-sm.jpeg
Human-Computer Interaction__Companies and Consultants : crawler/media/Human-Computer Interaction__Companies and Consultants.jpg
Human-Computer Interaction__Conferences : crawler/media/Human-Computer Interaction__Conferences.jpg
Human-Computer Interaction__Directories : crawler/media/Human-Computer Interaction__Directories.jpg
Human-Computer Interaction__Methodologies : crawler/media/Human-Computer Interaction__Methodologies.jpg
Human-Computer Interaction__News and Media : crawler/media/Human-Computer Interaction__News and Media.jpg
Human-Computer Interaction__Organizations : crawler/media/Human-Computer Interaction__Organizations.jpg
Human-Computer Interaction__Personal Pages : crawler/media/Human-Computer Interaction__Personal Pages.jpg
Human-Computer Interaction__Research : crawler/media/Human-Computer Interaction__Research.jpg
Human-Computer Interaction__Software : crawler/media/Human-Computer Interaction__Software.jpg
Consumer Goods and Services__E-Commerce : https://static.seekingalpha.com/uploads/2017/10/916375_15068390110269_rId5.png
Consumer Goods and Services__Associations : crawler/media/Consumer Goods and Services__Associations.jpg
Automotive__Auto Racing : crawler/media/Automotive__Auto Racing.jpg
Automotive__By Region : crawler/media/Automotive__By Region.jpg
Automotive__Car Rentals : crawler/media/Automotive__Car Rentals.jpg
Automotive__Education and Training : crawler/media/Automotive__Education and Training.jpg
Automotive__Electric Vehicles : crawler/media/Automotive__Electric Vehicles.jpg
Automotive__Employment : crawler/media/Automotive__Employment.jpg
Automotive__Financial Services : crawler/media/Automotive__Financial Services.jpg
Automotive__Import and Export : crawler/media/Automotive__Import and Export.jpg
Automotive__Kit Cars and Replicas : crawler/media/Automotive__Kit Cars and Replicas.jpg
Automotive__Marketing and Advertising : crawler/media/Automotive__Marketing and Advertising.jpg
Automotive__Marketplaces : crawler/media/Automotive__Marketplaces.jpg
Automotive__Motorcycles : crawler/media/Automotive__Motorcycles.jpg
Automotive__News and Media : crawler/media/Automotive__News and Media.jpg
Automotive__Off-Road : crawler/media/Automotive__Off-Road.jpg
Automotive__Parts and Accessories : crawler/media/Automotive__Parts and Accessories.jpg
Automotive__Recreational Vehicles : crawler/media/Automotive__Recreational Vehicles.jpg
Automotive__Related Services : crawler/media/Automotive__Related Services.jpg
Automotive__Retail : crawler/media/Automotive__Retail.jpg
Automotive__Snow Clearing : crawler/media/Automotive__Snow Clearing.jpg
Automotive__Snowmobiles : crawler/media/Automotive__Snowmobiles.jpg
Automotive__Software : crawler/media/Automotive__Software.jpg
Automotive__Specialized Vehicles : crawler/media/Automotive__Specialized Vehicles.jpg
Automotive__Wholesale and Distribution : crawler/media/Automotive__Wholesale and Distribution.jpg
Virtual Reality__Companies : crawler/media/Virtual Reality__Companies.jpg
Virtual Reality__Conferences : crawler/media/Virtual Reality__Conferences.jpg
Virtual Reality__Haptics : crawler/media/Virtual Reality__Haptics.jpg
Virtual Reality__Hardware : http://www.consensualdemocracy.org/wp-content/uploads/2017/09/software-hardware-5-638ceo-strickler-on-success-beyond-successful-crowdfunding-1.jpg
Virtual Reality__Human Interaction : http://patimes.org/wp-content/uploads/2013/09/humaninteraction-300x200.jpg
Virtual Reality__Multi-User Systems : crawler/media/Virtual Reality__Multi-User Systems.jpg
Virtual Reality__QTVR and Pre-rendered VR : crawler/media/Virtual Reality__QTVR and Pre-rendered VR.jpg
Virtual Reality__Research Projects : crawler/media/Virtual Reality__Research Projects.jpg
Virtual Reality__Software : crawler/media/Virtual Reality__Software.jpg
Business Services__Auctions : crawler/media/Business Services__Auctions.jpg
Business Services__AudioVisual : crawler/media/Business Services__AudioVisual.jpg
Business Services__Barter : crawler/media/Business Services__Barter.jpg
Business Services__Communications : crawler/media/Business Services__Communications.jpg
Business Services__Consulting : crawler/media/Business Services__Consulting.jpg
Business Services__Corporate Relocation : crawler/media/Business Services__Corporate Relocation.jpg
Business Services__Customer Management : http://www.prhas.com/wp-content/uploads/2015/04/CM-1024x683.jpg
Business Services__Design : crawler/media/Business Services__Design.jpg
Business Services__Domestic Services : crawler/media/Business Services__Domestic Services.jpg
Business Services__Education and Training : crawler/media/Business Services__Education and Training.jpg
Business Services__Event Planning and Production : https://my.bizx.com/Photo/CompanyBanner/CompanyBanner_22148.jpg?ts=86a891c2-1b89-4f5d-bc88-9aab433a142c
Business Services__Fire and Security : crawler/media/Business Services__Fire and Security.jpg
Business Services__Government Contracting : crawler/media/Business Services__Government Contracting.jpg
Business Services__Office Services : http://www.epw.com.cy/wp-content/uploads/2017/05/office-services-1.jpg
Business Services__Outsourcing : crawler/media/Business Services__Outsourcing.jpg
Business Services__Physical Asset Management : crawler/media/Business Services__Physical Asset Management.jpg
Business Services__Quality Control and Tracking : crawler/media/Business Services__Quality Control and Tracking.jpg
Business Services__Signage : crawler/media/Business Services__Signage.jpg
Business Services__Supplies and Equipment : crawler/media/Business Services__Supplies and Equipment.jpg
Business Services__Technical Assistance Programs : crawler/media/Business Services__Technical Assistance Programs.jpg
Emulators__ABC : crawler/media/Emulators__ABC.jpg
Emulators__Acorn : https://www.organicfacts.net/wp-content/uploads/acorns.jpg
Emulators__Amiga : crawler/media/Emulators__Amiga.jpg
Emulators__Amstrad : crawler/media/Emulators__Amstrad.jpg
Emulators__Apple : crawler/media/Emulators__Apple.jpg
Emulators__Atari : crawler/media/Emulators__Atari.jpg
Emulators__Commodore : crawler/media/Emulators__Commodore.jpg
Emulators__DEC : crawler/media/Emulators__DEC.jpg
Emulators__EDSAC : crawler/media/Emulators__EDSAC.jpg
Emulators__Enterprise : crawler/media/Emulators__Enterprise.jpg
Emulators__Host Platforms : crawler/media/Emulators__Host Platforms.jpg
Emulators__HP GX : crawler/media/Emulators__HP GX.jpg
Emulators__IBM Mainframe : crawler/media/Emulators__IBM Mainframe.jpg
Emulators__Information and Papers : crawler/media/Emulators__Information and Papers.jpg
Emulators__Intel x Architecture : crawler/media/Emulators__Intel x Architecture.jpg
Emulators__Jupiter Ace : crawler/media/Emulators__Jupiter Ace.jpg
Emulators__Memotech : crawler/media/Emulators__Memotech.jpg
Emulators__MSX : crawler/media/Emulators__MSX.jpg
Emulators__News and Media : crawler/media/Emulators__News and Media.jpg
Emulators__Oric : crawler/media/Emulators__Oric.jpg
Emulators__Sharp : crawler/media/Emulators__Sharp.jpg
Chemicals__Agrochemicals : crawler/media/Chemicals__Agrochemicals.jpg
Chemicals__Associations : crawler/media/Chemicals__Associations.jpg
Chemicals__Basic Chemicals : crawler/media/Chemicals__Basic Chemicals.jpg
Chemicals__Biochemical : crawler/media/Chemicals__Biochemical.jpg
Chemicals__Catalysts and Adsorbents : crawler/media/Chemicals__Catalysts and Adsorbents.jpg
Chemicals__Cleaning Agents and Toiletries : crawler/media/Chemicals__Cleaning Agents and Toiletries.jpg
Chemicals__Coatings and Adhesives : crawler/media/Chemicals__Coatings and Adhesives.jpg
Chemicals__Conferences : crawler/media/Chemicals__Conferences.jpg
Chemicals__Custom Manufacturing : http://www.offshore-technology.com/uploads/storefront/10784/images/217242/large/custom-manufacturing.jpg
Chemicals__Directories : crawler/media/Chemicals__Directories.jpg
Chemicals__Diversified Manufacturers : crawler/media/Chemicals__Diversified Manufacturers.jpg
Chemicals__Dyes and Pigments : crawler/media/Chemicals__Dyes and Pigments.jpg
Chemicals__Engineering : crawler/media/Chemicals__Engineering.jpg
Chemicals__Explosives : crawler/media/Chemicals__Explosives.jpg
Chemicals__Fine-Chemical Intermediates : crawler/media/Chemicals__Fine-Chemical Intermediates.jpg
Chemicals__Import and Export : crawler/media/Chemicals__Import and Export.jpg
Chemicals__Marketing and Advertising : crawler/media/Chemicals__Marketing and Advertising.jpg
Chemicals__Marketplaces : crawler/media/Chemicals__Marketplaces.jpg
Chemicals__News and Media : crawler/media/Chemicals__News and Media.jpg
Chemicals__Polymers : http://www.pslc.ws/macrog/kidsmac/images/pschain.gif
Chemicals__Specialties : crawler/media/Chemicals__Specialties.jpg
Chemicals__Wholesale and Distribution : crawler/media/Chemicals__Wholesale and Distribution.jpg
Artificial Life__Agents : crawler/media/Artificial Life__Agents.jpg
Artificial Life__Ant Colony Optimization : crawler/media/Artificial Life__Ant Colony Optimization.jpg
Artificial Life__Art : crawler/media/Artificial Life__Art.jpg
Artificial Life__Artificial Worlds : crawler/media/Artificial Life__Artificial Worlds.jpg
Artificial Life__Biomimicry : crawler/media/Artificial Life__Biomimicry.jpg
Artificial Life__Cellular Automata : crawler/media/Artificial Life__Cellular Automata.jpg
Artificial Life__Companies : crawler/media/Artificial Life__Companies.jpg
Artificial Life__Conferences : crawler/media/Artificial Life__Conferences.jpg
Artificial Life__Distributed Projects : crawler/media/Artificial Life__Distributed Projects.jpg
Artificial Life__Iterated Prisoner Dilemma : crawler/media/Artificial Life__Iterated Prisoner Dilemma.jpg
Artificial Life__Lindenmayer Systems : crawler/media/Artificial Life__Lindenmayer Systems.jpg
Artificial Life__Particle Swarm : http://www.turingfinance.com/wp-content/uploads/2015/05/Particle-Swarm-Optimization-700x525.jpg
Artificial Life__People : https://lookaside.fbsbx.com/lookaside/crawler/media/?media_id=10155625846983132
Artificial Life__Publications : crawler/media/Artificial Life__Publications.jpg
Artificial Life__Research Groups : crawler/media/Artificial Life__Research Groups.jpg
Artificial Life__Software : crawler/media/Artificial Life__Software.jpg
Electronics and Electrical__Circuit Protection : crawler/media/Electronics and Electrical__Circuit Protection.jpg
Electronics and Electrical__Components : crawler/media/Electronics and Electrical__Components.jpg
Electronics and Electrical__Contract Manufacturing : crawler/media/Electronics and Electrical__Contract Manufacturing.jpg
Electronics and Electrical__Control Systems : crawler/media/Electronics and Electrical__Control Systems.jpg
Electronics and Electrical__Directories : crawler/media/Electronics and Electrical__Directories.jpg
Electronics and Electrical__Education and Training : crawler/media/Electronics and Electrical__Education and Training.jpg
Electronics and Electrical__Electromechanical : crawler/media/Electronics and Electrical__Electromechanical.jpg
Electronics and Electrical__Employment : crawler/media/Electronics and Electrical__Employment.jpg
Electronics and Electrical__Engineering : crawler/media/Electronics and Electrical__Engineering.jpg
Electronics and Electrical__Heating and Cooling : crawler/media/Electronics and Electrical__Heating and Cooling.jpg
Electronics and Electrical__Human Interfaces : crawler/media/Electronics and Electrical__Human Interfaces.jpg
Electronics and Electrical__Import and Export : crawler/media/Electronics and Electrical__Import and Export.jpg
Electronics and Electrical__Instrumentation : crawler/media/Electronics and Electrical__Instrumentation.jpg
Electronics and Electrical__Manufacturers' Representatives : crawler/media/Electronics and Electrical__Manufacturers' Representatives.jpg
Electronics and Electrical__Marketing and Advertising : crawler/media/Electronics and Electrical__Marketing and Advertising.jpg
Electronics and Electrical__News and Media : crawler/media/Electronics and Electrical__News and Media.jpg
Electronics and Electrical__Optoelectronics and Fiber : crawler/media/Electronics and Electrical__Optoelectronics and Fiber.jpg
Electronics and Electrical__Power Supplies : https://www.avnet.com/wps/wcm/connect/onesite/0dfee76a-4cec-4a3b-9199-7be65af4e7bc/power-supplies-768w.jpg?MOD=AJPERES&CACHEID=ROOTWORKSPACE.Z18_NA5A1I41L0ICD0ABNDMDDG0000-0dfee76a-4cec-4a3b-9199-7be65af4e7bc-lHUj4rw
Electronics and Electrical__Production Equipment and Materials : crawler/media/Electronics and Electrical__Production Equipment and Materials.jpg
Electronics and Electrical__Repair and Service : http://h2ocare.com/wp-content/uploads/2017/01/repair-service-sign-9750489.jpg
Electronics and Electrical__Safety and Compliance Testing : crawler/media/Electronics and Electrical__Safety and Compliance Testing.jpg
Electronics and Electrical__Standards and Codes : http://www.hpac.com/sites/hpac.com/files/uploads/2015/09/ThinkstockPhotos-512624333-web.jpeg
Electronics and Electrical__Substation and Transmission : crawler/media/Electronics and Electrical__Substation and Transmission.jpg
Electronics and Electrical__Surge Protectors : crawler/media/Electronics and Electrical__Surge Protectors.jpg
Electronics and Electrical__Test and Measurement : http://www.ti.com/lsds/media/images/applications/industrial/factory-automation/dm6184_board.jpg
Electronics and Electrical__Tools and Equipment : crawler/media/Electronics and Electrical__Tools and Equipment.jpg
Electronics and Electrical__Transformers and Inductors : crawler/media/Electronics and Electrical__Transformers and Inductors.jpg
Electronics and Electrical__Wholesale and Distribution : crawler/media/Electronics and Electrical__Wholesale and Distribution.jpg
Electronics and Electrical__Wiring and Accessories : crawler/media/Electronics and Electrical__Wiring and Accessories.jpg
Graphics__Animation : crawler/media/Graphics__Animation.jpg
Graphics__Books : crawler/media/Graphics__Books.jpg
Graphics__Clip Art : crawler/media/Graphics__Clip Art.jpg
Graphics__Fonts : crawler/media/Graphics__Fonts.jpg
Graphics__Textures : crawler/media/Graphics__Textures.jpg
Graphics__Web : crawler/media/Graphics__Web.jpg
Transportation and Logistics__Armored Car Service : crawler/media/Transportation and Logistics__Armored Car Service.jpg
Transportation and Logistics__Associations : crawler/media/Transportation and Logistics__Associations.jpg
Transportation and Logistics__Aviation : crawler/media/Transportation and Logistics__Aviation.jpg
Transportation and Logistics__Bus : crawler/media/Transportation and Logistics__Bus.jpg
Transportation and Logistics__By Region : crawler/media/Transportation and Logistics__By Region.jpg
Transportation and Logistics__Car Sharing : crawler/media/Transportation and Logistics__Car Sharing.jpg
Transportation and Logistics__Conferences : crawler/media/Transportation and Logistics__Conferences.jpg
Transportation and Logistics__Consulting : crawler/media/Transportation and Logistics__Consulting.jpg
Transportation and Logistics__Couriers and Messengers : crawler/media/Transportation and Logistics__Couriers and Messengers.jpg
Transportation and Logistics__Customs : https://www.businesseurope.eu/sites/buseur/files/media/illustrations_topics/customs.jpg
Transportation and Logistics__Directories : crawler/media/Transportation and Logistics__Directories.jpg
Transportation and Logistics__Distribution and Logistics : crawler/media/Transportation and Logistics__Distribution and Logistics.jpg
Transportation and Logistics__Education and Training : crawler/media/Transportation and Logistics__Education and Training.jpg
Transportation and Logistics__Employment : crawler/media/Transportation and Logistics__Employment.jpg
Transportation and Logistics__Fleet Maintenance : crawler/media/Transportation and Logistics__Fleet Maintenance.jpg
Transportation and Logistics__Freight Forwarding : http://www.universalcargo.com/wp-content/uploads/home-vision.jpg
Transportation and Logistics__Maritime : crawler/media/Transportation and Logistics__Maritime.jpg
Transportation and Logistics__Marketplaces : crawler/media/Transportation and Logistics__Marketplaces.jpg
Transportation and Logistics__Moving Services : crawler/media/Transportation and Logistics__Moving Services.jpg
Transportation and Logistics__News and Media : crawler/media/Transportation and Logistics__News and Media.jpg
Transportation and Logistics__Non-Vessel Operating Common Carrier - NVOCC : crawler/media/Transportation and Logistics__Non-Vessel Operating Common Carrier - NVOCC.jpg
Transportation and Logistics__Rail : crawler/media/Transportation and Logistics__Rail.jpg
Transportation and Logistics__Software : crawler/media/Transportation and Logistics__Software.jpg
Transportation and Logistics__Special Goods and Terms : crawler/media/Transportation and Logistics__Special Goods and Terms.jpg
Transportation and Logistics__Taxis : crawler/media/Transportation and Logistics__Taxis.jpg
Transportation and Logistics__Towing and Recovery : crawler/media/Transportation and Logistics__Towing and Recovery.jpg
Transportation and Logistics__Traffic Control : crawler/media/Transportation and Logistics__Traffic Control.jpg
Transportation and Logistics__Trolleys : https://www.admerch.com.au/wp-content/uploads/2015/10/Trolleys-Folding-Trolleys-522PFT352425FPK.jpg
Transportation and Logistics__Trucking : http://cdltruck.com/wp-content/uploads/2017/02/Truck-Driving.jpg
Transportation and Logistics__Urban Transport : crawler/media/Transportation and Logistics__Urban Transport.jpg
Materials__Abrasives : crawler/media/Materials__Abrasives.jpg
Materials__Animal Products : crawler/media/Materials__Animal Products.jpg
Materials__Carbon : crawler/media/Materials__Carbon.jpg
Materials__Ceramics : crawler/media/Materials__Ceramics.jpg
Materials__Composites : crawler/media/Materials__Composites.jpg
Materials__Crystal and Glass : crawler/media/Materials__Crystal and Glass.jpg
Materials__Fuel : crawler/media/Materials__Fuel.jpg
Materials__Metals : crawler/media/Materials__Metals.jpg
Materials__Nanomaterials : crawler/media/Materials__Nanomaterials.jpg
Materials__Pulp and Paper : crawler/media/Materials__Pulp and Paper.jpg
Materials__Wax : crawler/media/Materials__Wax.jpg
Materials__Wood : https://static.pexels.com/photos/139306/pexels-photo-139306.jpeg
Algorithms__Animated : http://www.cartoonbrew.com/wp-content/uploads/2017/05/mrbean_live-1280x600.jpg
Algorithms__Compression : crawler/media/Algorithms__Compression.jpg
Algorithms__Computational Algebra : crawler/media/Algorithms__Computational Algebra.jpg
Algorithms__Conferences : crawler/media/Algorithms__Conferences.jpg
Algorithms__People : https://lookaside.fbsbx.com/lookaside/crawler/media/?media_id=10155625846983132
Algorithms__Pseudorandom Numbers : crawler/media/Algorithms__Pseudorandom Numbers.jpg
Algorithms__Publications : crawler/media/Algorithms__Publications.jpg
Algorithms__Research Groups : crawler/media/Algorithms__Research Groups.jpg
Algorithms__Sorting and Searching : crawler/media/Algorithms__Sorting and Searching.jpg
Hacking__Chats and Forums : crawler/media/Hacking__Chats and Forums.jpg
Hacking__Conventions : crawler/media/Hacking__Conventions.jpg
Hacking__Cracking : crawler/media/Hacking__Cracking.jpg
Hacking__Cryptography : https://latesthackingnews.com/wp-content/uploads/2016/11/cryptography_word_cloud_l.png
Hacking__Ethics : crawler/media/Hacking__Ethics.jpg
Hacking__Exploits : crawler/media/Hacking__Exploits.jpg
Hacking__FAQs Help and Tutorials : crawler/media/Hacking__FAQs Help and Tutorials.jpg
Hacking__Hardware : http://www.consensualdemocracy.org/wp-content/uploads/2017/09/software-hardware-5-638ceo-strickler-on-success-beyond-successful-crowdfunding-1.jpg
Hacking__HERF EMP Tempest : crawler/media/Hacking__HERF EMP Tempest.jpg
Hacking__Malicious Software : crawler/media/Hacking__Malicious Software.jpg
Hacking__Merchandise : crawler/media/Hacking__Merchandise.jpg
Hacking__News and Media : crawler/media/Hacking__News and Media.jpg
Hacking__Organizations : crawler/media/Hacking__Organizations.jpg
Hacking__People : https://lookaside.fbsbx.com/lookaside/crawler/media/?media_id=10155625846983132
Hacking__Phreaking : crawler/media/Hacking__Phreaking.jpg
Hacking__Software : crawler/media/Hacking__Software.jpg
Hacking__Software Piracy : https://www.computerhope.com/jargon/s/softpira.jpg
Hacking__Wardriving : crawler/media/Hacking__Wardriving.jpg
Information Technology__Associations : crawler/media/Information Technology__Associations.jpg
Information Technology__Conferences : crawler/media/Information Technology__Conferences.jpg
Information Technology__Consulting : crawler/media/Information Technology__Consulting.jpg
Information Technology__Directories : crawler/media/Information Technology__Directories.jpg
Information Technology__Employment : crawler/media/Information Technology__Employment.jpg
Information Technology__Imaging : crawler/media/Information Technology__Imaging.jpg
Information Technology__Marketing and Advertising : crawler/media/Information Technology__Marketing and Advertising.jpg
Information Technology__News and Media : crawler/media/Information Technology__News and Media.jpg
Information Technology__Outsourcing : crawler/media/Information Technology__Outsourcing.jpg
Information Technology__Services : crawler/media/Information Technology__Services.jpg
Information Technology__Investing : crawler/media/Information Technology__Investing.jpg
CAD and CAM__D Drafting : crawler/media/CAD and CAM__D Drafting.jpg
CAD and CAM__D Modelling : crawler/media/CAD and CAM__D Modelling.jpg
CAD and CAM__AEC Design : crawler/media/CAD and CAM__AEC Design.jpg
CAD and CAM__Associations : crawler/media/CAD and CAM__Associations.jpg
CAD and CAM__AutoCAD : crawler/media/CAD and CAM__AutoCAD.jpg
CAD and CAM__Cadkey : crawler/media/CAD and CAM__Cadkey.jpg
CAD and CAM__CATIA : crawler/media/CAD and CAM__CATIA.jpg
CAD and CAM__Computer Aided Manufacturing : crawler/media/CAD and CAM__Computer Aided Manufacturing.jpg
CAD and CAM__DataCAD : crawler/media/CAD and CAM__DataCAD.jpg
CAD and CAM__Development : crawler/media/CAD and CAM__Development.jpg
CAD and CAM__Directories : crawler/media/CAD and CAM__Directories.jpg
CAD and CAM__Drawing Exchange and Interoperability : crawler/media/CAD and CAM__Drawing Exchange and Interoperability.jpg
CAD and CAM__Education : crawler/media/CAD and CAM__Education.jpg
CAD and CAM__Electronic Design Automation : crawler/media/CAD and CAM__Electronic Design Automation.jpg
CAD and CAM__Employment : crawler/media/CAD and CAM__Employment.jpg
CAD and CAM__IntelliCAD : crawler/media/CAD and CAM__IntelliCAD.jpg
CAD and CAM__Magazines and E-zines : crawler/media/CAD and CAM__Magazines and E-zines.jpg
CAD and CAM__Mapping and GIS : crawler/media/CAD and CAM__Mapping and GIS.jpg
CAD and CAM__Mechanical Design : crawler/media/CAD and CAM__Mechanical Design.jpg
CAD and CAM__MicroStation : crawler/media/CAD and CAM__MicroStation.jpg
CAD and CAM__NX Unigraphics and Solid Edge : crawler/media/CAD and CAM__NX Unigraphics and Solid Edge.jpg
CAD and CAM__Parts Libraries : crawler/media/CAD and CAM__Parts Libraries.jpg
CAD and CAM__PDMS : crawler/media/CAD and CAM__PDMS.jpg
CAD and CAM__Personal Pages : crawler/media/CAD and CAM__Personal Pages.jpg
CAD and CAM__Product Data Management : crawler/media/CAD and CAM__Product Data Management.jpg
CAD and CAM__PTC Pro Engineer : crawler/media/CAD and CAM__PTC Pro Engineer.jpg
CAD and CAM__Raster to Vector : crawler/media/CAD and CAM__Raster to Vector.jpg
CAD and CAM__TurboCAD : https://www.turbocad.com/3435/turbocad-mac-deluxe-2d3d-v10.jpg
CAD and CAM__Viewers : http://www.tubefilter.com/wp-content/uploads/2013/04/online-video-viewers.jpg
Mining and Drilling__Associations : crawler/media/Mining and Drilling__Associations.jpg
Mining and Drilling__Conferences : crawler/media/Mining and Drilling__Conferences.jpg
Mining and Drilling__Consulting : crawler/media/Mining and Drilling__Consulting.jpg
Mining and Drilling__Directories : crawler/media/Mining and Drilling__Directories.jpg
Mining and Drilling__Dredging : crawler/media/Mining and Drilling__Dredging.jpg
Mining and Drilling__Marketplaces : crawler/media/Mining and Drilling__Marketplaces.jpg
Mining and Drilling__Mineral Exploration and Extraction : crawler/media/Mining and Drilling__Mineral Exploration and Extraction.jpg
Mining and Drilling__News and Media : crawler/media/Mining and Drilling__News and Media.jpg
Mining and Drilling__Tools and Equipment : crawler/media/Mining and Drilling__Tools and Equipment.jpg
Mining and Drilling__Water Wells and Pumps : crawler/media/Mining and Drilling__Water Wells and Pumps.jpg
Energy__Associations : crawler/media/Energy__Associations.jpg
Energy__Consulting : crawler/media/Energy__Consulting.jpg
Energy__Directories : crawler/media/Energy__Directories.jpg
Energy__Electricity : crawler/media/Energy__Electricity.jpg
Energy__Employment : crawler/media/Energy__Employment.jpg
Energy__Fuel Cells : crawler/media/Energy__Fuel Cells.jpg
Energy__Hydrogen : crawler/media/Energy__Hydrogen.jpg
Energy__Management : http://savoiragile.com/wp-content/uploads/2014/11/ManagementLeadership.jpg
Energy__Marketing and Advertising : crawler/media/Energy__Marketing and Advertising.jpg
Energy__Marketplaces : crawler/media/Energy__Marketplaces.jpg
Energy__News and Media : crawler/media/Energy__News and Media.jpg
Energy__Oil and Gas : crawler/media/Energy__Oil and Gas.jpg
Energy__Renewable : http://www.revermont.org/wp-content/uploads/renewable_energy.jpg
Energy__Services : crawler/media/Energy__Services.jpg
Energy__Solid Fuel : crawler/media/Energy__Solid Fuel.jpg
Energy__Utilities : https://www.ci.st-helens.or.us/sites/default/files/imageattachments/community/page/316/utilities.jpg
Robotics__Arts : crawler/media/Robotics__Arts.jpg
Robotics__Building : crawler/media/Robotics__Building.jpg
Robotics__Companies : crawler/media/Robotics__Companies.jpg
Robotics__Competitions : https://assets.oceanfinance.co.uk/Content/Uploads/competition-sign.jpg
Robotics__Directories : crawler/media/Robotics__Directories.jpg
Robotics__Education : crawler/media/Robotics__Education.jpg
Robotics__History : crawler/media/Robotics__History.jpg
Robotics__Organizations : crawler/media/Robotics__Organizations.jpg
Robotics__Personal Pages : crawler/media/Robotics__Personal Pages.jpg
Robotics__Research : crawler/media/Robotics__Research.jpg
Robotics__Robots : crawler/media/Robotics__Robots.jpg
Robotics__Software : crawler/media/Robotics__Software.jpg
Supercomputing__Companies : crawler/media/Supercomputing__Companies.jpg
Supercomputing__Conferences : crawler/media/Supercomputing__Conferences.jpg
Supercomputing__Cray : crawler/media/Supercomputing__Cray.jpg
Supercomputing__Directories : crawler/media/Supercomputing__Directories.jpg
Real Estate__Agents and Agencies : crawler/media/Real Estate__Agents and Agencies.jpg
Real Estate__Appraisal : https://www.rochesterrealestateblog.com/wp-content/uploads/2015/08/Common-Issues-With-A-Bank-Appraisal-In-Real-Estate.png
Real Estate__Associations : crawler/media/Real Estate__Associations.jpg
Real Estate__By Region : crawler/media/Real Estate__By Region.jpg
Real Estate__Commercial : crawler/media/Real Estate__Commercial.jpg
Real Estate__Conferences : https://projectcontroltraining.com/wp-content/uploads/2016/02/project-controls-Conferences.jpg
Real Estate__Consulting : crawler/media/Real Estate__Consulting.jpg
Real Estate__Development : crawler/media/Real Estate__Development.jpg
Real Estate__Education and Training : crawler/media/Real Estate__Education and Training.jpg
Real Estate__Employment : crawler/media/Real Estate__Employment.jpg
Real Estate__Guides and Directories : crawler/media/Real Estate__Guides and Directories.jpg
Real Estate__Inspection : crawler/media/Real Estate__Inspection.jpg
Real Estate__Legal : crawler/media/Real Estate__Legal.jpg
Real Estate__Marketing and Advertising : crawler/media/Real Estate__Marketing and Advertising.jpg
Real Estate__News and Media : crawler/media/Real Estate__News and Media.jpg
Real Estate__Property Management : crawler/media/Real Estate__Property Management.jpg
Real Estate__Residential : crawler/media/Real Estate__Residential.jpg
Real Estate__Undeveloped or Vacant : crawler/media/Real Estate__Undeveloped or Vacant.jpg
Artificial Intelligence__Academic Departments : crawler/media/Artificial Intelligence__Academic Departments.jpg
Artificial Intelligence__Agents : crawler/media/Artificial Intelligence__Agents.jpg
Artificial Intelligence__Applications : crawler/media/Artificial Intelligence__Applications.jpg
Artificial Intelligence__Associations : crawler/media/Artificial Intelligence__Associations.jpg
Artificial Intelligence__Belief Networks : crawler/media/Artificial Intelligence__Belief Networks.jpg
Artificial Intelligence__Companies : crawler/media/Artificial Intelligence__Companies.jpg
Artificial Intelligence__Conferences and Events : crawler/media/Artificial Intelligence__Conferences and Events.jpg
Artificial Intelligence__Creativity : crawler/media/Artificial Intelligence__Creativity.jpg
Artificial Intelligence__Distributed Projects : crawler/media/Artificial Intelligence__Distributed Projects.jpg
Artificial Intelligence__FAQs, Help, and Tutorials : crawler/media/Artificial Intelligence__FAQs, Help, and Tutorials.jpg
Artificial Intelligence__Fuzzy : crawler/media/Artificial Intelligence__Fuzzy.jpg
Artificial Intelligence__Games : http://www.ps4news.org/wp-content/uploads/2016/10/games.jpg
Artificial Intelligence__Genetic Programming : crawler/media/Artificial Intelligence__Genetic Programming.jpg
Artificial Intelligence__Machine Learning : crawler/media/Artificial Intelligence__Machine Learning.jpg
Artificial Intelligence__Natural Language : http://www.expertsystem.com/wp-content/uploads/2016/07/Natural-Language-Processing-Definition-1.jpg
Artificial Intelligence__Neural Networks : crawler/media/Artificial Intelligence__Neural Networks.jpg
Artificial Intelligence__People : https://lookaside.fbsbx.com/lookaside/crawler/media/?media_id=10155625846983132
Artificial Intelligence__Philosophy : crawler/media/Artificial Intelligence__Philosophy.jpg
Artificial Intelligence__Programming Languages : crawler/media/Artificial Intelligence__Programming Languages.jpg
Artificial Intelligence__Publications : crawler/media/Artificial Intelligence__Publications.jpg
Artificial Intelligence__Qualitative Physics : crawler/media/Artificial Intelligence__Qualitative Physics.jpg
Artificial Intelligence__Support Vector Machines : crawler/media/Artificial Intelligence__Support Vector Machines.jpg
Artificial Intelligence__Vision : https://www.peplnews.com/wp-content/uploads/2017/01/vision.jpg
World__Korea : crawler/media/World__Korea.jpg
World__Japan : crawler/media/World__Japan.jpg
World__China : crawler/media/World__China.jpg
